 {
 "vh37": [  -9.33868408     ,   0.981491685     ],
 "v1937": [   105.673294     ,   0.583535552     ],
 "wtp": [   199.750000     ,    132.500000     ],
 "wtp2": [   199.750000     ,    176.250000     ],
 "itp": [   255.669998     ,    241.712997     ],
 "itp2": [   255.669998     ,    258.341003     ],
 "adoff":    4.33714294     ,
 "radslp1":    1.95302224     ,
 "radoff1":   -257.616180     ,
 "radlen1":    122.440063     ,
 "radslp2":    1.46800792     ,
 "radoff2":   -116.984589     ,
 "radlen2":    92.3486176    
 }
